{
  "crons": [
    {
      "path": "/api/cron/generate-prep-list",
      "schedule": "0 9 * * *"
    }
  ],
  "headers": [
    {
      "source": "/(.*)",
      "headers": [
        { "key": "X-Frame-Options", "value": "DENY" },
        { "key": "X-Content-Type-Options", "value": "nosniff" },
        { "key": "Referrer-Policy", "value": "strict-origin-when-cross-origin" },
        { "key": "Strict-Transport-Security", "value": "max-age=31536000; includeSubDomains" },
        {
          "key": "Content-Security-Policy",
          "value": "default-src 'self'; script-src 'self' 'unsafe-inline' 'unsafe-eval'; style-src 'self' 'unsafe-inline'; img-src 'self' https://images.unsplash.com data: blob:; font-src 'self'; connect-src 'self' https://*.supabase.co https://api.anthropic.com; frame-ancestors 'none'"
        }
      ]
    }
  ]
}
